ticketCompany,status,ticketFormat,title,venue,prefecture,liveDate,liveDateRaw,seatInfo,price,ticketCount,paymentDeadline,ticketingDeadline,sourceUrl,sourceMessageId,receivedAt
LivePocket,payment_pending,digital,Hype The Rock vol.3,渋谷FOWS,東京,2025-03-02,2025年3月2日,一般,,1,(2024年12月29日(日) 23:59)までに、申込み時に選択したコンビニ店,,https://u.livepocket.jp/xjP0d8,<CAByF2H3iTdSpEPQdcDK4EP85K2EQBxvcs-qgcB3s85ZM8LzFOw@mail.gmail.com>,2026-06-15T10:19:16+09:00
LivePocket,ticket_secured,unknown,白フェス2021 -day3-,下北沢MOSAiC,東京,2021-07-25,2021年7月25日,前売り券,,,,,https://u.livepocket.jp/x0Bvo,<CAByF2H1q6XusxP3y8iXcXo5EcHeJ09bEzTTu1gbJZ5f0RcBwmQ@mail.gmail.com>,2026-06-15T10:19:53+09:00
LivePocket,ticket_secured,digital,シン?ロック列島 CIRCUIT 2025,下北沢ライブハウス8会場往来自由,東京,2025-04-06,2025年4月6日,前売りチケット,,1,,,https://u.livepocket.jp/x38vLO,<CAByF2H1Vps6MyEbt7wHmn3bP1fAXHvOxzCgSsCBskA+wMyA0ag@mail.gmail.com>,2026-06-15T10:18:55+09:00
LivePocket,ticket_secured,unknown,『KNOCKOUT FES 2023 autumn』,下北沢ライブハウス12会場,東京,2023-11-04,2023年11月4日,,,1,,,,<CAByF2H3dHue814CizyuU40c1hZLtwzNczANqnCTEPKnpx2Ag5Q@mail.gmail.com>,2026-06-15T10:17:03+09:00
転送,lottery_lost,paper,,,,,,,,1,,,,<CAByF2H1OAnH0rLObBsA88vvm2iY4OqaMi7OBvGU+UudQuYCiuQ@mail.gmail.com>,2026-06-15T10:03:15+09:00
転送,lottery_lost,paper,,,,,,,,1,,,,<CAByF2H3N3-m1SmezW68HNhmT6DDEwNjQOxuqo1ORvz5dt6gs6w@mail.gmail.com>,2026-06-15T10:02:53+09:00
転送,lottery_lost,unknown,,,,,,,,1,,,,<CAByF2H22XXVQt5GT=PcK0gp88ByTSb5qdtFX+sdQPbjxJXjfdw@mail.gmail.com>,2026-06-15T09:59:53+09:00
ぴあ,payment_pending,digital,前髪ぱっつん少年,TOKIO TOKYO(東京都),東京都,2025-12-25,2025年12月25日(木) 18:30開演,"スタンディング(一般) 3,500円 1枚",4325,1,2025年10月18日(土) 23:59,,,<CAByF2H0p+pMnHNTub0m3=yw_1opQ+Y2A7KSdB8JDSXV+KLnuPA@mail.gmail.com>,2026-06-15T09:59:44+09:00
転送,lottery_lost,unknown,,,,,,,,1,,,,<CAByF2H3SvjzUCJ4VaPqUyoWrw-OtZFpqfHULfO=5hTawjJGaTw@mail.gmail.com>,2026-06-15T09:59:14+09:00
ローチケ,payment_pending,paper,前髪ぱっつん少年/他,Spotify O-Crest,東京,2025-08-02,2025/8/2(土),,4875,1,2025/7/1(火) 15:00 ~ 2025/7/3(木) 23:00まで,】,,<CAByF2H1cbpe=u95tL8uTxo-T2YV62Dv48G9+sQ80GSMfw+LipQ@mail.gmail.com>,2026-06-15T09:58:53+09:00
e+,payment_pending,digital,meiyo,下北沢シャングリラ,東京,2025-11-28,2025/11/28(金)  18:30開場 19:30開演,数,,1,】までにお手続きください。,,,<CAByF2H0Usc7LDemAaCVq7ssZrD8D3BW2_JAr3HxdHjcYOM6jkA@mail.gmail.com>,2026-06-15T09:58:39+09:00
ローチケ,payment_pending,digital,すりぃ,KT Zepp Yokohama,神奈川,2026-03-03,2026/3/3(火),,6900,1,ただいまより、2026/2/2(月) 23:00まで,,,<CAByF2H23A+NqCRrJhZHoyyVFREL=wH6R_m-_Cpqd0WYNxGqxQQ@mail.gmail.com>,2026-06-15T09:58:13+09:00
e+,payment_pending,digital,CENTRAL MUSIC & ENTERTAINMENT FESTIVAL 2026,横浜赤レンガ倉庫 赤レンガパーク特設会場,神奈川,2026-04-04,2026/04/04(土)  11:00開場 12:30開演,数,,1,】までにお手続きください。,,,<CAByF2H3cdB=SBoCby_+fr3Mss1Kc1cYX8xeus-RJieKMyf0gWQ@mail.gmail.com>,2026-06-15T09:58:00+09:00
e+,lottery_lost,digital,SHISHAMO,等々力陸上競技場,,2026-06-13,2026/06/13(土)  15:00開場 17:00開演,数,,1,,,,<CAByF2H00vOxOfQGSQYVzJ+3rRvBa4PK5M8HSi8dbQwS1XJSd0w@mail.gmail.com>,2026-06-15T09:57:23+09:00
ぴあ,payment_pending,digital,Dannie May/NEE,渋谷CLUB QUATTRO(東京都),東京都,2026-07-30,2026年7月30日(木) 19:00開演,"オールスタンディング 4,800円 1枚",5625,1,2026年6月14日(日) 23:59,,,<CAByF2H2YZOtOEzhMqKdBB1Th=_mtq=BHVk4F9L-5O9Uq4MiK5A@mail.gmail.com>,2026-06-15T09:57:33+09:00
転送,payment_pending,paper,,,,,,,,1,,,,<CAByF2H3g6e0mYsAAdiKQ=KiMzUtPHygpXgW4SMx10nJrYhr35Q@mail.gmail.com>,2026-06-15T09:54:47+09:00
LivePocket,lottery_lost,digital,前髪ぱっつん少年,渋谷FOWS,東京都,2025-12-25,2025年12月25日(木) 18:30開演,"スタンディング(一般) 3,500円 1枚",4325,1,(2024年12月29日(日) 23:59)までに、申込み時に選択したコンビニ店,】,https://u.livepocket.jp/xjP0d8,<CAGYTR6+Cocq6PaLz4dHrHA0zU2=yn7K4UTzg1gOSV6FhiSB7yA@mail.gmail.com>,2026-06-16T22:20:10+09:00
e+,print_pending,paper,MAISONdes LIVE,KT Zepp Yokohama,神奈川,2026-06-06,2026/06/06(土)  17:00開場 18:00開演,"料金 : 1Fスタンディング \6,800×2枚[チケット料金]+\550×2枚",,2,,2026/05/30(土) 14:00 〜 2026/06/07(日) 21:0,,<1780466814000.20260603.18.19230282.0.00000000@bma.eplus.jp>,2026-06-03T15:14:54+09:00
e+,unknown,paper,MAISONdes LIVE,KT Zepp Yokohama,神奈川,2026-06-06,2026/06/06(土)  17:00開場 18:00開演,"料金・枚数 : 1Fスタンディング \6,800×2枚",,2,,,,<1780631892000.20260605.73.19571386.0.00000000@bma.eplus.jp>,2026-06-05T13:10:15+09:00
e+,print_pending,paper,MAISONdes LIVE,KT Zepp Yokohama,神奈川,2026-06-06,2026/06/06(土)  17:00開場 18:00開演,"料金 : 1Fスタンディング \6,800×2枚[チケット料金]+\550×2枚",,2,,2026/05/30(土) 14:00 〜 2026/06/07(日) 21:0,,<1780106400000.20260530.20.18156686.0.00000000@bma.eplus.jp>,2026-05-30T11:03:56+09:00
e+,print_pending,paper,ロクデナシ,Kanadevia Hall,,2026-04-17,2026/04/17(金)  18:00開場 19:00開演,"料金 : アリーナ立見 \8,500×2枚[チケット料金]+\550×2枚[サー",,2,,2026/04/10(金) 14:00 〜 2026/04/18(土) 21:0,,<1776146682000.20260414.18.86864705.0.00000000@bma.eplus.jp>,2026-04-14T15:11:00+09:00
e+,lottery_lost,paper,MAISONdes LIVE,KT Zepp Yokohama,神奈川,2026-06-06,2026/06/06(土)  17:00開場 18:00開演,数,,2,,2026/05/30(土) 14:00 〜 2026/06/07(日) 21:0,,<1776918782000.20260423.02.88649252.0.00000000@bma.eplus.jp>,2026-04-23T13:41:39+09:00
e+,lottery_won,unknown,,,,,,,,,,,,<86e7af82-c5f4-4a1d-bb80-1856483b9c13@fc8471-d.cuenote.jp>,2026-04-06T18:00:59+09:00
e+,unknown,paper,CENTRAL MUSIC & ENTERTAINMENT FESTIVAL 2026,横浜赤レンガ倉庫 赤レンガパーク特設会場,神奈川,2026-04-05,2026/04/05(日)  11:00開場 12:30開演,"料金・枚数 : スタンディング \12,000×2枚",,2,,,,<1775451296000.20260406.73.84913295.0.00000000@bma.eplus.jp>,2026-04-06T14:26:34+09:00
e+,payment_pending,paper,MAISONdes LIVE,KT Zepp Yokohama,神奈川,2026-06-06,2026/06/06(土)  17:00開場 18:00開演,数,,2,,2026/05/30(土) 14:00 〜 2026/06/07(日) 21:0,,<1775401706000.20260406.01.84834227.0.00000000@bma.eplus.jp>,2026-04-06T00:08:28+09:00
e+,print_pending,paper,ロクデナシ,Kanadevia Hall,,2026-04-17,2026/04/17(金)  18:00開場 19:00開演,"料金 : アリーナ立見 \8,500×2枚[チケット料金]+\550×2枚[サー",,2,,2026/04/10(金) 14:00 〜 2026/04/18(土) 21:0,,<1775786400000.20260410.20.85558979.0.00000000@bma.eplus.jp>,2026-04-10T11:02:38+09:00
e+,lottery_won,unknown,,,,,,,,,,,,<69c91fda-1c62-4d8d-9efc-f9436d8facc2@fc8471-c.cuenote.jp>,2026-04-30T17:10:08+09:00
e+,payment_pending,paper,CENTRAL MUSIC & ENTERTAINMENT FESTIVAL 2026,横浜赤レンガ倉庫 赤レンガパーク特設会場,神奈川,2026-04-05,2026/04/05(日)  11:00開場 12:30開演,数,,2,,2026/04/01(水) 14:00 〜 2026/04/06(月) 21:0,,<1769268100000.20260125.01.65373972.0.00000000@bma.eplus.jp>,2026-01-25T00:21:41+09:00
e+,lottery_lost,paper,Aooo,Zepp Haneda(TOKYO),,2026-05-29,2026/05/29(金)  18:00開場 19:00開演,数,,2,,,,<1771044537000.20260214.03.71278546.0.00000000@bma.eplus.jp>,2026-02-14T14:55:21+09:00
e+,ticket_secured,digital,NOMELON NOLEMON,EX THEATER ROPPONGI,,2026-02-13,2026/02/13 (金)  19:00 開演,,,,,,,<1770953485157.20260213.X3.X1568194.0.00000000@bma.eplus.jp>,2026-02-13T12:31:25+09:00
e+,payment_pending,digital,meiyo,東京キネマ倶楽部,東京,2026-09-25,2026/09/25(金)  18:00開場 19:00開演,数,,2,,,,<1772512384000.20260303.02.76118417.0.00000000@bma.eplus.jp>,2026-03-03T13:51:19+09:00
e+,payment_pending,digital,meiyo,東京キネマ倶楽部,東京,2026-09-25,2026/09/25(金)  18:00開場 19:00開演,数,,2,,,,<1772366220000.20260301.01.75752448.0.00000000@bma.eplus.jp>,2026-03-01T20:57:02+09:00
e+,ticket_secured,digital,NOMELON NOLEMON,EX THEATER ROPPONGI,,2026-02-13,2026/02/13(金)  18:00開場 19:00開演,"料金 : 1Fスタンディング \6,600×1枚[チケット料金]",,1,】までにお手続きください。,,,<1770827592000.20260212.10.70535822.0.00000000@bma.eplus.jp>,2026-02-12T01:33:13+09:00
e+,payment_pending,paper,CENTRAL MUSIC & ENTERTAINMENT FESTIVAL 2026,横浜赤レンガ倉庫 赤レンガパーク特設会場,神奈川,2026-04-05,2026/04/05(日)  11:00開場 12:30開演,数,,2,,2026/04/01(水) 14:00 〜 2026/04/06(月) 21:0,,<1770439748000.20260207.02.69221589.0.00000000@bma.eplus.jp>,2026-02-07T15:08:05+09:00
e+,print_pending,paper,CENTRAL MUSIC & ENTERTAINMENT FESTIVAL 2026,横浜赤レンガ倉庫 赤レンガパーク特設会場,神奈川,2026-04-05,2026/04/05(日)  11:00開場 12:30開演,"料金 : スタンディング \12,000×2枚[チケット料金]+\660×2枚[",,2,,2026/04/01(水) 14:00 〜 2026/04/06(月) 21:0,,<1775110301000.20260402.18.83843709.0.00000000@bma.eplus.jp>,2026-04-02T15:28:34+09:00
e+,print_pending,paper,CENTRAL MUSIC & ENTERTAINMENT FESTIVAL 2026,横浜赤レンガ倉庫 赤レンガパーク特設会場,神奈川,2026-04-05,2026/04/05(日)  11:00開場 12:30開演,"料金 : スタンディング \12,000×2枚[チケット料金]+\660×2枚[",,2,,2026/04/01(水) 14:00 〜 2026/04/06(月) 21:0,,<1775008800000.20260401.20.83504508.0.00000000@bma.eplus.jp>,2026-04-01T11:00:30+09:00
e+,payment_pending,digital,サカナクション,SGCホール有明,,2026-04-18,2026/04/18(土)  17:00開場 18:00開演,数,,2,,,,<1769859819000.20260131.01.67265720.0.00000000@bma.eplus.jp>,2026-01-31T20:43:41+09:00
e+,unknown,paper,ロクデナシ,Kanadevia Hall,,2026-04-17,2026/04/17(金)  18:00開場 19:00開演,"料金 : アリーナ立見 \8,500×2枚[チケット料金]+\550×2枚[サー",,2,,2026/04/10(金) 14:00 〜 2026/04/18(土) 21:0,,<1769276502000.20260125.10.65384736.0.00000000@bma.eplus.jp>,2026-01-25T02:41:42+09:00
e+,ticket_secured,digital,meiyo,下北沢シャングリラ,東京,2025-11-28,2025/11/28 (金) 19:30 開演,,,,,,,<1764133330953.20251126.X2.38370698.0.00000000@bma.eplus.jp>,2025-11-26T14:02:10+09:00
e+,ticket_secured,digital,ロクデナシ<追加公演>,豊洲PIT,,2025-09-11,2025/09/11 (木) 19:00 開演,,,,,,,<1757394128487.20250909.X2.36195931.0.00000000@bma.eplus.jp>,2025-09-09T14:02:08+09:00
e+,ticket_secured,digital,ロクデナシ <追加公演>,豊洲PIT,,2025-09-11,2025/09/11 (木) 19:00 開演,,,,,,,<1756965711864.20250904.X1.36096257.0.00000000@bma.eplus.jp>,2025-09-04T15:01:51+09:00
e+,print_pending,paper,RuLu 2nd ONEMAN LIVE 「年貢」,渋谷REX,東京,2025-08-13,2025/08/13(水)  18:00OPEN 19:00START,"料金 : オールスタンディング \4,800×1枚[チケット料金]",,1,,2025/06/24(火) 23:22 〜 2025/08/14(木) 21:0,,<1754806182000.20250810.18.22171122.0.00000000@bma.eplus.jp>,2025-08-10T15:17:00+09:00
e+,ticket_secured,digital,FAVOY TOKYO -電鈴合図-,Zepp Shinjuku (TOKYO),,2025-08-08,2025/08/08 (金) 17:15 開演,,,,,,,<1754460094927.20250806.X1.35322571.0.00000000@bma.eplus.jp>,2025-08-06T15:01:34+09:00
e+,payment_pending,digital,Aooo,Zepp Haneda(TOKYO),,2026-05-29,2026/05/29(金)  18:00開場 19:00開演,数,,2,,,,<1769512842000.20260127.01.65894277.0.00000000@bma.eplus.jp>,2026-01-27T20:20:43+09:00
e+,ticket_secured,digital,meiyo,下北沢シャングリラ,東京,2025-11-28,2025/11/28 (金) 19:30 開演,,,,,,,<1763704825458.20251121.X1.38230057.0.00000000@bma.eplus.jp>,2025-11-21T15:00:25+09:00
e+,unknown,paper,RuLu 2nd ONEMAN LIVE 「年貢」,渋谷REX,東京,2025-08-13,2025/08/13(水)  18:00OPEN 19:00START,"料金・枚数 : オールスタンディング \4,800×1枚",,1,,,,<1755146223000.20250814.73.22969782.0.00000000@bma.eplus.jp>,2025-08-14T14:08:37+09:00
e+,ticket_secured,digital,FAVOY TOKYO -電鈴合図-,Zepp Shinjuku (TOKYO),,2025-08-07,2025/08/07 (木) 18:00 開演,,,,,,,<1754373800229.20250805.X1.35299639.0.00000000@bma.eplus.jp>,2025-08-05T15:03:20+09:00
e+,ticket_secured,digital,"若者のすべて-YOUNG, ALIVE, IN LOVE MUSIC-#06",Zepp Haneda(TOKYO),,2025-08-06,2025/08/06 (水) 14:30 開演,,,,,,,<1754283722264.20250804.X2.35286727.0.00000000@bma.eplus.jp>,2025-08-04T14:02:02+09:00
e+,ticket_secured,digital,"若者のすべて -YOUNG, ALIVE, IN LOVE MUSIC-#06",Zepp Haneda(TOKYO),,2025-08-06,2025/08/06 (水) 14:30 開演,,,,,,,<1753855325554.20250730.X1.35160934.0.00000000@bma.eplus.jp>,2025-07-30T15:02:05+09:00
e+,payment_pending,digital,ロクデナシ,豊洲PIT,,2025-09-11,2025/09/11(木)  18:00開場 19:00開演,数,,1,,,,<1752208876000.20250711.02.14807831.0.00000000@bma.eplus.jp>,2025-07-11T14:09:19+09:00
e+,payment_pending,digital,meiyo,下北沢シャングリラ,東京,2025-11-28,2025/11/28(金)  18:30開場 19:30開演,数,,1,,,,<1750826226000.20250625.02.10450906.0.00000000@bma.eplus.jp>,2025-06-25T13:53:56+09:00
e+,payment_pending,digital,ロクデナシ,豊洲PIT,,2025-09-11,2025/09/11(木)  18:00開場 19:00開演,数,,1,,,,<1750602653000.20250622.01.89850157.0.00000000@bma.eplus.jp>,2025-06-22T23:30:55+09:00
e+,unknown,paper,RuLu 2nd ONEMAN LIVE 「年貢」,渋谷REX,東京,2025-08-13,2025/08/13(水)  18:00OPEN 19:00START,"料金 : オールスタンディング \4,800×1枚[チケット料金]",,1,,2025/06/24(火) 23:22 〜 2025/08/14(木) 21:0,,<1750602249000.20250622.10.89847491.0.00000000@bma.eplus.jp>,2025-06-22T23:24:11+09:00
e+,payment_pending,digital,meiyo,下北沢シャングリラ,東京,2025-11-28,2025/11/28(金)  18:30開場 19:30開演,数,,1,,,,<1749954597000.20250615.01.87787175.0.00000000@bma.eplus.jp>,2025-06-15T11:29:59+09:00
e+,lottery_lost,paper,ロクデナシ,LINE CUBE SHIBUYA(渋谷公会堂),東京,2025-09-07,2025/09/07(日)  17:00開場 18:00開演,数,,1,,,,<1746161099000.20250502.03.76449574.0.00000000@bma.eplus.jp>,2025-05-02T14:39:14+09:00
e+,payment_pending,digital,若者のすべて,Zepp Haneda(TOKYO),,2025-08-06,2025/08/06(水)  13:30開場 14:30開演,数,,1,,,,<1745383027000.20250423.02.74089567.0.00000000@bma.eplus.jp>,2025-04-23T13:59:13+09:00
e+,ticket_secured,digital,,,,,,を変えて第2希望までエントリーできます。,,1,,,,<db047ec1-c78e-4d60-b9c4-6a16cb8ceab5@fc8471-c.cuenote.jp>,2025-04-18T14:12:45+09:00
e+,payment_pending,digital,FAVOY TOKYO,Zepp Shinjuku (TOKYO),,2025-08-08,2025/08/08(金)  16:30開場 17:15開演,数,,1,,,,<1744691983000.20250415.02.71984743.0.00000000@bma.eplus.jp>,2025-04-15T14:18:45+09:00
e+,payment_pending,digital,ロクデナシ,LINE CUBE SHIBUYA(渋谷公会堂),東京,2025-09-07,2025/09/07(日)  17:00開場 18:00開演,数,,1,,,,<1744206175000.20250409.01.70193242.0.00000000@bma.eplus.jp>,2025-04-09T22:42:58+09:00
e+,payment_pending,digital,FAVOY TOKYO,Zepp Shinjuku (TOKYO),,2025-08-08,2025/08/08(金)  16:30開場 17:15開演,数,,1,,,,<1744113391000.20250408.01.69938403.0.00000000@bma.eplus.jp>,2025-04-08T20:56:32+09:00
e+,lottery_won,unknown,,,,,,,,,,,,<9ea99507-dbd5-4596-8fad-c1ade65132af@fc8471-b.cuenote.jp>,2025-04-07T18:03:28+09:00
e+,unknown,paper,CENTRAL MUSIC & ENTERTAINMENT FESTIVAL 2025,横浜赤レンガ倉庫 赤レンガパーク特設会場,神奈川,2025-04-05,2025/04/05(土)  11:00開場 13:00開演,"料金・枚数 : スタンディング \11,000×2枚",,2,,,,<1743916888000.20250406.73.69364679.0.00000000@bma.eplus.jp>,2025-04-06T14:53:22+09:00
e+,ticket_secured,digital,ロクデナシロクデナシ 1st Oneman Live「思い出にならないように」,Zepp Shinjuku,,2025-03-21,2025/03/21 (金) 19:00 開演,,,,,,,<1742360538385.20250319.X2.31830753.0.00000000@bma.eplus.jp>,2025-03-19T14:02:18+09:00
e+,ticket_secured,digital,ロクデナシ ロクデナシ 1st Oneman Live「思い出にならないように」,Zepp Shinjuku,,2025-03-21,2025/03/21 (金) 19:00 開演,,,,,,,<1741932045610.20250314.X1.31708724.0.00000000@bma.eplus.jp>,2025-03-14T15:00:45+09:00
e+,unknown,paper,CENTRAL MUSIC & ENTERTAINMENT FESTIVAL 2025,横浜赤レンガ倉庫 赤レンガパーク特設会場,神奈川,2025-04-05,2025/04/05(土)  11:00開場 13:00開演,"料金 : スタンディング \11,000×2枚[チケット料金]+\660×2枚[",,2,,2025/04/01(火) 14:00 〜 2025/04/06(日) 21:0,,<1741862378000.20250313.10.62993623.0.00000000@bma.eplus.jp>,2025-03-13T19:39:38+09:00
e+,ticket_secured,digital,OSU ENCOUNTER,Electric Lady Land,,2025-02-24,2025/02/24 (月) 15:00 開演,,,,,,,<1738476176803.20250202.X1.30821562.0.00000000@bma.eplus.jp>,2025-02-02T15:02:56+09:00
e+,payment_pending,digital,OSU ENCOUNTER,Electric Lady Land,,2025-02-24,2025/02/24(月・祝)  14:00開場 15:00開演,数,,1,,,,<1738038958000.20250128.02.51044371.0.00000000@bma.eplus.jp>,2025-01-28T14:03:21+09:00
e+,payment_pending,digital,OSU ENCOUNTER,Electric Lady Land,,2025-02-24,2025/02/24(月・祝)  14:00開場 15:00開演,数,,1,,,,<1737473188000.20250122.01.49415709.0.00000000@bma.eplus.jp>,2025-01-22T00:26:28+09:00
e+,unknown,paper,meiyo,WWW,東京,2024-12-11,2024/12/11(水)  18:30開場 19:30開演,"料金・枚数 : スタンディング \4,000×1枚",,1,,,,<1733978758000.20241212.73.41174834.0.00000000@bma.eplus.jp>,2024-12-12T14:18:36+09:00
e+,unknown,paper,新宿LOFT歌舞伎町移転25周年記念,新宿 LOFT,東京,2024-10-29,2024/10/29(火)  18:15開場 19:00開演,"料金・枚数 : オールスタンディング \4,200×1枚",,1,,,,<1730261333000.20241030.73.30619804.0.00000000@bma.eplus.jp>,2024-10-30T13:23:16+09:00
e+,ticket_secured,digital,長瀬有花×アザミ,WWW,東京,2024-11-02,2024/11/02 (土) 19:30 開演,,,,,,,<1730350993198.20241031.X2.28768743.0.00000000@bma.eplus.jp>,2024-10-31T14:03:13+09:00
e+,ticket_secured,digital,長瀬有花×アザミ,WWW,東京,2024-11-02,2024/11/02 (土) 19:30 開演,,,,,,,<1730095204179.20241028.X1.28676956.0.00000000@bma.eplus.jp>,2024-10-28T15:00:04+09:00
e+,ticket_secured,digital,紫 今,UNIT(代官山),,2024-10-24,2024/10/24 (木) 19:30 開演,,,,,,,<1729573334293.20241022.X2.28533536.0.00000000@bma.eplus.jp>,2024-10-22T14:02:14+09:00
e+,payment_pending,digital,ロクデナシ,Zepp Shinjuku,,2025-03-21,2025/03/21(金)  18:00開場 19:00開演,数,,1,,,,<1729315856000.20241019.02.28314298.0.00000000@bma.eplus.jp>,2024-10-19T17:51:08+09:00
e+,ticket_secured,digital,ReoNa,東京ガーデンシアター,東京,2024-10-20,2024/10/20 (日) 18:00 開演,,,,,,,<1729227805563.20241018.X2.28460385.0.00000000@bma.eplus.jp>,2024-10-18T14:03:25+09:00
e+,lottery_lost,paper,Empty old City/CLAN QUEEN/はしメロ,WALL&WALL,,2024-12-01,2024/12/01(日)  17:30開場 18:00開演,数,,1,,,,<1729140771000.20241017.03.27369401.0.00000000@bma.eplus.jp>,2024-10-17T15:05:05+09:00
e+,ticket_secured,digital,紫 今,UNIT(代官山),,2024-10-24,2024/10/24 (木) 19:30 開演,,,,,,,<1729145307316.20241017.X1.28427436.0.00000000@bma.eplus.jp>,2024-10-17T15:08:27+09:00
e+,payment_pending,digital,ロクデナシ,Zepp Shinjuku,,2025-03-21,2025/03/21(金)  18:00開場 19:00開演,数,,1,,,,<1728904118000.20241014.01.26822492.0.00000000@bma.eplus.jp>,2024-10-14T20:08:40+09:00
e+,ticket_secured,paper,meiyo,WWW,東京,2024-12-11,2024/12/11(水)  18:30開場 19:30開演,"料金 : スタンディング \4,000×1枚[チケット料金]",,1,,【発券開始】12/4(水)14時 ◆12/4(水)以降はお支払タイミングにより発,,<1728877768000.20241014.10.26720140.0.00000000@bma.eplus.jp>,2024-10-14T12:49:31+09:00
e+,ticket_secured,digital,ReoNa,東京ガーデンシアター,東京,2024-10-20,2024/10/20 (日) 18:00 開演,,,,,,,<1728799488589.20241013.X1.28327167.0.00000000@bma.eplus.jp>,2024-10-13T15:04:48+09:00
e+,ticket_secured,digital,ポップしなないで,下北沢シャングリラ,東京,2024-10-14,2024/10/14 (月) 17:00 開演,,,,,,,<1728626596106.20241011.X1.28229240.0.00000000@bma.eplus.jp>,2024-10-11T15:03:16+09:00
e+,ticket_secured,digital,ポップしなないで,下北沢シャングリラ,東京,2024-10-14,2024/10/14 (月) 17:00 開演,,,,,,,<1728709388669.20241012.X2.28306393.0.00000000@bma.eplus.jp>,2024-10-12T14:03:08+09:00
e+,payment_pending,digital,Empty old City/CLAN QUEEN/はしメロ,WALL&WALL,,2024-12-01,2024/12/01(日)  17:30開場 18:00開演,数,,1,,,,<1727885566000.20241003.01.23733214.0.00000000@bma.eplus.jp>,2024-10-03T01:12:47+09:00
e+,payment_pending,digital,紫 今,UNIT(代官山),,2024-10-24,2024/10/24(木)  19:00開場 19:30開演,数,,1,,,,<1727499143000.20240928.02.22612531.0.00000000@bma.eplus.jp>,2024-09-28T15:08:40+09:00
e+,payment_pending,digital,紫 今,UNIT(代官山),,2024-10-24,2024/10/24(木)  19:00開場 19:30開演,数,,1,,,,<1727349324000.20240926.01.22139522.0.00000000@bma.eplus.jp>,2024-09-26T20:15:25+09:00
e+,ticket_secured,digital,TOKYO CALLING 2024,Spotify O-EAST 他15会場,東京,2024-09-16,2024/09/16 (月) 12:30 開演,,,,,,,<1726207416430.20240913.X1.27660998.0.00000000@bma.eplus.jp>,2024-09-13T15:03:36+09:00
e+,ticket_secured,digital,TOKYO CALLING 2024,Spotify O-EAST 他15会場,東京,2024-09-16,2024/09/16 (月) 12:30 開演,,,,,,,<1726290159864.20240914.X2.27706597.0.00000000@bma.eplus.jp>,2024-09-14T14:02:39+09:00
e+,unknown,paper,新宿LOFT歌舞伎町移転25周年記念,新宿 LOFT,東京,2024-10-29,2024/10/29(火)  18:15開場 19:00開演,"料金 : オールスタンディング \4,200×1枚[チケット料金]",,1,,2024/09/10(火) 13:32 〜 2024/10/30(水) 21:0,,<1725770042000.20240908.10.18601674.0.00000000@bma.eplus.jp>,2024-09-08T13:34:04+09:00
e+,print_pending,paper,新宿LOFT歌舞伎町移転25周年記念,新宿 LOFT,東京,2024-10-29,2024/10/29(火)  18:15開場 19:00開演,"料金 : オールスタンディング \4,200×1枚[チケット料金]",,1,,2024/09/10(火) 13:32 〜 2024/10/30(水) 21:0,,<1725770042000.20240908.20.18601689.0.00000000@bma.eplus.jp>,2024-09-08T13:34:16+09:00
e+,payment_pending,digital,長瀬有花×アザミ,WWW,東京,2024-11-02,2024/11/02(土)  19:00開場 19:30開演,数,,1,,,,<1725338138000.20240903.02.17351078.0.00000000@bma.eplus.jp>,2024-09-03T14:00:12+09:00
e+,ticket_secured,digital,美波,日比谷公園大音楽堂(日比谷野音),,2024-09-08,2024/09/08 (日) 18:00 開演,,,,,,,<1725598935805.20240906.X2.27533830.0.00000000@bma.eplus.jp>,2024-09-06T14:02:15+09:00
e+,ticket_secured,digital,美波,日比谷公園大音楽堂(日比谷野音),,2024-09-08,2024/09/08 (日) 18:00 開演,,,,,,,<1725170497492.20240901.X1.27467060.0.00000000@bma.eplus.jp>,2024-09-01T15:01:37+09:00
e+,ticket_secured,digital,,,,,,,,,,,,<06ddc4df-c376-4248-9234-954b6ec12b28@fc8471-d.cuenote.jp>,2024-08-26T15:00:05+09:00
e+,ticket_secured,digital,新宿LOFT歌舞伎町移転25周年記念meiyo×新宿LOFT presents 「aufgieβer 3rd set」,新宿 LOFT,東京,2024-08-28,2024/08/28 (水) 19:00 開演,,,,,,,<1724648542592.20240826.X2.27384688.0.00000000@bma.eplus.jp>,2024-08-26T14:02:22+09:00
e+,ticket_secured,digital,,渋谷WWW,東京,2024-08-16,2024/08/16(金),,,,,,,<1724404389000.20240823.71.15026926.0.00000000@bma.eplus.jp>,2024-08-23T18:13:30+09:00
e+,ticket_secured,digital,ぼっちぼろまる presents 「ともだち100にんできるかな!vol.5」ぼっちぼろまる × ポップしなないで 2マ,大塚 Live House Hearts+,,2024-08-24,2024/08/24 (土) 18:30 開演,,,,,,,<1724303030575.20240822.X2.27270484.0.00000000@bma.eplus.jp>,2024-08-22T14:03:50+09:00
e+,unknown,paper,アザミ,WWW,東京,2024-08-16,2024/08/16(金)  19:15開場 20:00開演,"料金・枚数 : オールスタンディング \4,000×1枚",,1,,,,<1723868913000.20240817.73.13542350.0.00000000@bma.eplus.jp>,2024-08-17T14:14:25+09:00
e+,payment_pending,digital,長瀬有花×アザミ,WWW,東京,2024-11-02,2024/11/02(土)  19:00開場 19:30開演,数,,1,,,,<1723850464000.20240817.01.13390554.0.00000000@bma.eplus.jp>,2024-08-17T08:21:05+09:00
e+,print_pending,paper,アザミ,WWW,東京,2024-08-16,2024/08/16(金)  18:45開場 19:30開演,"料金 : オールスタンディング \4,000×1枚[チケット料金]+\330×1",,1,,2024/08/11(日) 14:00 〜 2024/08/17(土) 21:0,,<1723341600000.20240811.20.12188184.0.00000000@bma.eplus.jp>,2024-08-11T11:01:22+09:00
e+,print_pending,paper,アザミ,WWW,東京,2024-08-16,2024/08/16(金)  18:45開場 19:30開演,"料金 : オールスタンディング \4,000×1枚[チケット料金]+\330×1",,1,,2024/08/11(日) 14:00 〜 2024/08/17(土) 21:0,,<1723529105000.20240813.18.12587700.0.00000000@bma.eplus.jp>,2024-08-13T15:14:49+09:00
e+,ticket_secured,digital,水槽SECOND CONCEPT LIVE 「SOLUBLE」,代官山UNIT,,2024-08-10,2024/08/10 (土) 17:45 開演,,,,,,,<1723093387830.20240808.X2.26888674.0.00000000@bma.eplus.jp>,2024-08-08T14:03:07+09:00
e+,ticket_secured,digital,水槽 SECOND CONCEPT LIVE 「SOLUBLE」,代官山UNIT,,2024-08-10,2024/08/10 (土) 17:45 開演,,,,,,,<1723010480995.20240807.X1.26847829.0.00000000@bma.eplus.jp>,2024-08-07T15:01:20+09:00
e+,payment_pending,digital,ポップしなないで,下北沢シャングリラ,東京,2024-10-14,2024/10/14(月・祝)  16:30開場 17:00開演,数,,1,,,,<1722918851000.20240806.02.11085315.0.00000000@bma.eplus.jp>,2024-08-06T14:00:45+09:00
e+,payment_pending,digital,ポップしなないで,下北沢シャングリラ,東京,2024-10-14,2024/10/14(月・祝)  16:30開場 17:00開演,数,,1,,,,<1722136081000.20240728.01.89109508.0.00000000@bma.eplus.jp>,2024-07-28T12:08:03+09:00
e+,ticket_secured,digital,ReoNa,東京ガーデンシアター,東京,2024-10-20,2024/10/20(日)  17:00開場 18:00開演,"料金 : 全席指定 \8,800×1枚[チケット料金]",,1,,,,<1722135691000.20240728.10.89108677.0.00000000@bma.eplus.jp>,2024-07-28T12:01:34+09:00
e+,payment_pending,digital,美波,日比谷公園大音楽堂(日比谷野音),,2024-09-08,2024/09/08(日)  17:00開場 18:00開演,数,,1,,,,<1722055702000.20240727.02.88930806.0.00000000@bma.eplus.jp>,2024-07-27T15:02:01+09:00
e+,ticket_secured,digital,TOKYO CALLING 2024,Spotify O−EAST 他15会場,,2024-09-16,2024/09/16(月・祝)  12:00開場 12:30開演,"料金 : 1日券 \5,500×1枚[チケット料金]+\550×1枚[サービス料",,1,,,,<1721219860000.20240717.10.86604019.0.00000000@bma.eplus.jp>,2024-07-17T21:37:41+09:00
e+,ticket_secured,digital,ぼっちぼろまる presents 「ともだち100にんできるかな!vol.5」 ぼっちぼろまる × ポップしなないで 2,大塚 Live House Hearts+,,2024-08-24,2024/08/24 (土) 18:30 開演,,,,,,,<1721144281741.20240717.X1.26404720.0.00000000@bma.eplus.jp>,2024-07-17T00:38:01+09:00
e+,ticket_secured,digital,ぼっちぼろまる presents 「ともだち100にんできるかな!vol.5」,大塚 Live House Hearts+,,2024-08-24,2024/08/24(土)  18:00開場 18:30開演,"料金 : オールスタンディング \3,500×1枚[チケット料金]",,1,,,,<1721144266000.20240717.10.86448755.0.00000000@bma.eplus.jp>,2024-07-17T00:37:47+09:00
e+,payment_pending,digital,美波,日比谷公園大音楽堂(日比谷野音),,2024-09-08,2024/09/08(日)  17:00開場 18:00開演,数,,1,,,,<1721143380000.20240717.01.86448054.0.00000000@bma.eplus.jp>,2024-07-17T00:23:01+09:00
e+,ticket_secured,digital,新宿LOFT歌舞伎町移転25周年記念 meiyo×新宿LOFT presents 「aufgieβer 3rd set」,新宿 LOFT,東京,2024-08-28,2024/08/28 (水) 19:00 開演,,,,,,,<1720851058947.20240713.X1.26339481.0.00000000@bma.eplus.jp>,2024-07-13T15:10:58+09:00
e+,ticket_secured,digital,チョーキューメイ,渋谷CLUB QUATTRO,東京,2024-07-12,2024/07/12 (金) 19:00 開演,,,,,,,<1720587720075.20240710.X2.26259839.0.00000000@bma.eplus.jp>,2024-07-10T14:02:00+09:00
e+,ticket_secured,digital,日本工学院ミュージックカレッジ日本工学院ミュージックカレッジpresents Summer Splash -DAY2-,Zepp Haneda (Tokyo),,2024-07-10,2024/07/10 (水) 18:00 開演,,,,,,,<1720414937561.20240708.X2.26223719.0.00000000@bma.eplus.jp>,2024-07-08T14:02:17+09:00
e+,ticket_secured,digital,日本工学院ミュージックカレッジ 日本工学院ミュージックカレッジpresents Summer Splash -DAY2-,Zepp Haneda (Tokyo),,2024-07-10,2024/07/10 (水) 18:00 開演,,,,,,,<1719986656831.20240703.X1.26124324.0.00000000@bma.eplus.jp>,2024-07-03T15:04:16+09:00
e+,payment_pending,digital,新宿LOFT歌舞伎町移転25周年記念,新宿 LOFT,東京,2024-08-28,2024/08/28(水)  18:15開場 19:00開演,数,,1,,,,<1719030943000.20240622.02.81077494.0.00000000@bma.eplus.jp>,2024-06-22T14:05:45+09:00
e+,ticket_secured,digital,日本工学院ミュージックカレッジ,Zepp Haneda (Tokyo),,2024-07-10,2024/07/10(水)  17:00開場 18:00開演,"料金 : 1Fスタンディング \2,000×1枚[チケット料金]",,1,,,,<1718588845000.20240617.10.79884353.0.00000000@bma.eplus.jp>,2024-06-17T10:47:25+09:00
e+,payment_pending,digital,新宿LOFT歌舞伎町移転25周年記念,新宿 LOFT,東京,2024-08-28,2024/08/28(水)  18:15開場 19:00開演,数,,1,,,,<1718420592000.20240615.01.79450015.0.00000000@bma.eplus.jp>,2024-06-15T12:03:21+09:00
e+,unknown,paper,新宿LOFT歌舞伎町移転25周年記念 meiyo×新宿LOFT presents 「aufgieβer 2nd set」,新宿 LOFT,東京,2024-05-31,2024/05/31(金)  18:15開場 19:00開演,"料金・枚数 : オールスタンディング \4,000×1枚",,1,,,,<1717216890000.20240601.73.76438650.0.00000000@bma.eplus.jp>,2024-06-01T14:14:15+09:00
e+,print_pending,paper,新宿LOFT歌舞伎町移転25周年記念 meiyo×新宿LOFT presents 「aufgieβer 2nd set」,新宿 LOFT,東京,2024-05-31,2024/05/31(金)  18:15開場 19:00開演,"料金 : オールスタンディング \4,000×1枚[チケット料金]+\330×1",,1,,2024/04/20(土) 14:00 〜 2024/06/01(土) 21:0,,<1716876167000.20240528.18.75319986.0.00000000@bma.eplus.jp>,2024-05-28T15:07:13+09:00
e+,ticket_secured,digital,ポップしなないで,LIQUIDROOM,,2024-05-26,2024/05/26 (日) 17:00 開演,,,,,,,<1716527000639.20240524.X2.25344300.0.00000000@bma.eplus.jp>,2024-05-24T14:03:20+09:00
e+,ticket_secured,digital,ポップしなないで,LIQUIDROOM,,2024-05-26,2024/05/26 (日) 17:00 開演,,,,,,,<1716098539652.20240519.X1.25241786.0.00000000@bma.eplus.jp>,2024-05-19T15:02:19+09:00
e+,ticket_secured,digital,かいりきベア1st ONE-MAN LIVE【病み垢ステロイド】,Spotify O-EAST,東京,2024-04-29,2024/04/29 (月) 19:00 開演,,,,,,,<1714194201381.20240427.X2.24770329.0.00000000@bma.eplus.jp>,2024-04-27T14:03:21+09:00
e+,ticket_secured,digital,かいりきベア 1st ONE-MAN LIVE【病み垢ステロイド】,Spotify O-EAST,東京,2024-04-29,2024/04/29 (月) 19:00 開演,,,,,,,<1713765661923.20240422.X1.24610178.0.00000000@bma.eplus.jp>,2024-04-22T15:01:01+09:00
e+,ticket_secured,digital,チョーキューメイ,渋谷CLUB QUATTRO,東京,2024-07-12,2024/07/12 (金) 19:00 開演,,,,,,,<1713707522289.20240421.X1.24606729.0.00000000@bma.eplus.jp>,2024-04-21T22:52:02+09:00
e+,ticket_secured,digital,チョーキューメイ,渋谷CLUB QUATTRO,東京,2024-07-12,2024/07/12(金)  18:15開場 19:00開演,"料金 : スタンディング \4,000×1枚[チケット料金]",,1,,,,<1713707513000.20240421.10.66413722.0.00000000@bma.eplus.jp>,2024-04-21T22:51:55+09:00
e+,print_pending,paper,新宿LOFT歌舞伎町移転25周年記念 meiyo×新宿LOFT presents 「aufgieβer 2nd set」,新宿 LOFT,東京,2024-05-31,2024/05/31(金)  18:15開場 19:00開演,"料金 : オールスタンディング \4,000×1枚[チケット料金]+\330×1",,1,,2024/04/20(土) 14:00 〜 2024/06/01(土) 21:0,,<1713578400000.20240420.20.65887992.0.00000000@bma.eplus.jp>,2024-04-20T11:07:29+09:00
e+,payment_pending,paper,新宿LOFT歌舞伎町移転25周年記念 meiyo×新宿LOFT presents 「aufgieβer 2nd set」,新宿 LOFT,東京,2024-05-31,2024/05/31(金)  18:15開場 19:00開演,数,,1,,2024/04/20(土) 14:00 〜 2024/06/01(土) 21:0,,<1712896753000.20240412.02.64235213.0.00000000@bma.eplus.jp>,2024-04-12T14:19:54+09:00
e+,payment_pending,paper,アザミ,WWW,東京,2024-08-16,2024/08/16(金)  18:45開場 19:30開演,数,,1,,2024/08/11(日) 14:00 〜 2024/08/17(土) 21:0,,<1712637167000.20240409.02.63381657.0.00000000@bma.eplus.jp>,2024-04-09T13:38:10+09:00
e+,payment_pending,paper,新宿LOFT歌舞伎町移転25周年記念 meiyo×新宿LOFT presents 「aufgieβer 2nd set」,新宿 LOFT,東京,2024-05-31,2024/05/31(金)  18:15開場 19:00開演,数,,1,,2024/04/20(土) 14:00 〜 2024/06/01(土) 21:0,,<1712402846000.20240406.01.63045060.0.00000000@bma.eplus.jp>,2024-04-06T20:27:27+09:00
e+,payment_pending,digital,水槽,代官山UNIT,,2024-08-10,2024/08/10(土)  17:00開場 17:45開演,数,,1,,,,<1712121131000.20240403.02.62313683.0.00000000@bma.eplus.jp>,2024-04-03T15:42:13+09:00
e+,ticket_secured,digital,かいりきベア,Spotify O−EAST,,2024-04-29,2024/04/29(月・祝)  18:00開場 19:00開演,"料金 : 一般チケット \6,600×1枚[チケット料金]",,1,,,,<1712010087000.20240402.10.61986965.0.00000000@bma.eplus.jp>,2024-04-02T07:21:30+09:00
e+,payment_pending,digital,水槽,代官山UNIT,,2024-08-10,2024/08/10(土)  17:00開場 17:45開演,数,,1,,,,<1711373119000.20240325.01.60601264.0.00000000@bma.eplus.jp>,2024-03-25T22:25:23+09:00
e+,ticket_secured,digital,ポップしなないで,LIQUIDROOM,,2024-05-26,2024/05/26(日)  16:00開場 17:00開演,"料金 : スタンディング \4,000×1枚[チケット料金]",,1,,,,<1711241186000.20240324.10.60243404.0.00000000@bma.eplus.jp>,2024-03-24T09:46:29+09:00
e+,ticket_secured,digital,アザミ,WWW,東京,2024-03-19,2024/03/19 (火) 19:30 開演,,,,,,,<1710651723921.20240317.X2.23932608.0.00000000@bma.eplus.jp>,2024-03-17T14:02:03+09:00
e+,ticket_secured,digital,アザミ,WWW,東京,2024-03-19,2024/03/19 (火) 19:30 開演,,,,,,,<1710396374430.20240314.X1.23835038.0.00000000@bma.eplus.jp>,2024-03-14T15:06:14+09:00
e+,unknown,paper,MAISONdes LIVE,TOKYO DOME CITY HALL,,,3/2(土)〜3/3(日),"料金・枚数 : 2日通し券(指定席) \14,500×1枚",,1,,,,<1709443090000.20240303.73.56457770.0.00000000@bma.eplus.jp>,2024-03-03T15:14:17+09:00
e+,print_pending,paper,MAISONdes LIVE,TOKYO DOME CITY HALL,,,3/2(土)〜3/3(日),"料金 : 2日通し券(指定席) \14,500×1枚[チケット料金]+\660×",,1,,2024/02/24(土) 14:00 〜 2024/03/04(月) 21:0,,<1709186976000.20240229.18.55681753.0.00000000@bma.eplus.jp>,2024-02-29T15:17:56+09:00
e+,print_pending,paper,MAISONdes LIVE,TOKYO DOME CITY HALL,,,3/2(土)〜3/3(日),"料金 : 2日通し券(指定席) \14,500×1枚[チケット料金]+\660×",,1,,2024/02/24(土) 14:00 〜 2024/03/04(月) 21:0,,<1708740000000.20240224.20.54587626.0.00000000@bma.eplus.jp>,2024-02-24T11:08:29+09:00
e+,payment_pending,digital,かいりきベア,Spotify O−EAST,,2024-04-29,2024/04/29(月・祝)  14:00開場 15:00開演,数,,1,】までにお手続きください。,,,<1707973171000.20240215.02.52702691.0.00000000@bma.eplus.jp>,2024-02-15T15:15:35+09:00
e+,ticket_secured,digital,邂逅 2024,新宿 LOFT,東京,2024-02-12,2024/02/12 (月) 12:30 開演,,,,,,,<1707611762083.20240211.X1.23241511.0.00000000@bma.eplus.jp>,2024-02-11T09:36:02+09:00
e+,ticket_secured,digital,邂逅 2024,新宿 LOFT,東京,2024-02-12,2024/02/12(月・祝)  12:00開場 12:30開演,"料金 : オールスタンディング \3,900×1枚[チケット料金]",,1,,,,<1707611744000.20240211.10.51833163.0.00000000@bma.eplus.jp>,2024-02-11T09:35:45+09:00
e+,payment_pending,digital,かいりきベア,Spotify O−EAST,,2024-04-29,2024/04/29(月・祝)  14:00開場 15:00開演,数,,1,,,,<1707610494000.20240211.01.51832133.0.00000000@bma.eplus.jp>,2024-02-11T09:14:55+09:00
e+,ticket_secured,digital,FAKE TYPE.,Zepp Shinjuku (TOKYO),,2024-02-01,2024/02/01 (木)  18:30 開演,,,,,,,<1706754213049.20240201.X3.X0845344.0.00000000@bma.eplus.jp>,2024-02-01T11:23:33+09:00
e+,payment_pending,paper,MAISONdes LIVE,TOKYO DOME CITY HALL,,,3/2(土)〜3/3(日),数,,1,,2024/02/24(土) 14:00 〜 2024/03/04(月) 21:0,,<1706589679000.20240130.02.48830407.0.00000000@bma.eplus.jp>,2024-01-30T14:18:36+09:00
e+,payment_pending,paper,MAISONdes LIVE,TOKYO DOME CITY HALL,,,3/2(土)〜3/3(日),数,,1,,2024/02/24(土) 14:00 〜 2024/03/04(月) 21:0,,<1705163726000.20240114.01.45253072.0.00000000@bma.eplus.jp>,2024-01-14T01:35:27+09:00
e+,ticket_secured,digital,和ぬか,LIQUIDROOM,,2023-09-05,2023/09/05 (火) 19:00 開演,,,,,,,<1693720925153.20230903.X1.19854249.0.00000000@bma.eplus.jp>,2023-09-03T15:02:05+09:00
e+,ticket_secured,digital,和ぬか,LIQUIDROOM,,2023-09-05,2023/09/05(火)  18:00開場 19:00開演,"料金 : スタンディング \4,500×1枚[チケット料金]",,1,,,,<1692190386000.20230816.10.12402902.0.00000000@bma.eplus.jp>,2023-08-16T21:53:08+09:00
e+,ticket_secured,digital,和ぬか,LIQUIDROOM,,2023-09-05,2023/09/05(火)  18:00開場 19:00開演,"料金 : スタンディング \4,500×1枚[チケット料金]",,1,】までにお手続きください。,,,<1690465859000.20230727.10.87980447.0.00000000@bma.eplus.jp>,2023-07-27T22:51:00+09:00
e+,ticket_secured,digital,和ぬか 1st LIVE TOUR「春夢のキラメキ」,渋谷CLUB QUATTRO,東京,2023-04-04,2023/04/04 (火) 19:00 開演,,,,,,,<1680415394887.20230402.X1.16918909.0.00000000@bma.eplus.jp>,2023-04-02T15:03:14+09:00
e+,payment_pending,digital,和ぬか,渋谷CLUB QUATTRO,東京,2023-04-04,2023/04/04(火)  18:00開場 19:00開演,数,,1,,,,<1673502080000.20230112.02.44047939.0.00000000@bma.eplus.jp>,2023-01-12T17:17:16+09:00
e+,payment_pending,digital,和ぬか,渋谷CLUB QUATTRO,東京,2023-04-04,2023/04/04(火)  18:00開場 19:00開演,数,,1,,,,<1673179556000.20230108.01.43275309.0.00000000@bma.eplus.jp>,2023-01-08T21:05:58+09:00
ローチケ,ticket_secured,digital,NOMELON NOLEMON,EX THEATER ROPPONGI,,2026-02-13,2026/2/13(金),,7040,1,,,,<872778813.55287089.1770828202450.MailSystem@l-tike.com>,2026-02-12T01:43:22+09:00
ローチケ,payment_pending,digital,NOMELON NOLEMON,KT Zepp Yokohama,神奈川,2026-08-11,2026/8/11(火),,14480,2,,,,<2058639334.65702137.1774505592767.MailSystem@l-tike.com>,2026-03-26T15:13:12+09:00
ローチケ,payment_pending,digital,PENTATONIC,横浜BUNTAI,神奈川,2026-01-24,2026/1/24(土),,21580,2,,,,<CAGYTR6KVLQp5LXsrYMHP+Ky1rw2iGFEyzhMkvTx=ebT1PtumaA@mail.gmail.com>,2026-01-23T17:33:54+09:00
ローチケ,ticket_secured,digital,NEO平成レトロ展,西武渋谷店 A館2F イベントスペース,東京,2025-08-15,2025/8/15(金),,3600,2,,,,<239898068.13328044.1755169858152.MailSystem@l-tike.com>,2025-08-14T20:10:58+09:00
ローチケ,payment_pending,digital,紫 今,渋谷CLUB QUATTRO,東京,2025-03-30,2025/3/30(日),,4830,1,,,,<1373024857.74443842.1731056464297.MailSystem@l-tike.com>,2024-11-08T18:01:04+09:00
ローチケ,lottery_won,unknown,,ell.FITS ALL(愛知県),愛知県,,,,,,,,,<1738725492616.2025106244.ltike9.0.1199.00000000@ad123se.mpse.jp>,2025-02-05T12:18:12+09:00
ローチケ,lottery_won,unknown,,ell.FITS ALL(愛知県),愛知県,,,,,,,,,<1737509650783.2025103627.ltike9.0.1178.00000000@ad123se.mpse.jp>,2025-01-22T10:34:10+09:00
ローチケ,lottery_won,unknown,,渋谷CLUB QUATTRO(東京都),東京都,,,,,,,,,<1736213652369.2025100348.ltike9.0.1200.00000000@ad123se.mpse.jp>,2025-01-07T10:34:12+09:00
ローチケ,lottery_won,unknown,,渋谷CLUB QUATTRO(東京都)、ell.FITS ALL(愛知県)、他(,東京都,,,,,,,,,<1733455817479.2024169486.ltike9.0.1183.00000000@ad123se.mpse.jp>,2024-12-06T12:30:17+09:00
ローチケ,lottery_won,unknown,,渋谷CLUB QUATTRO(東京都)、ell.FITS ALL(愛知県)、他(,東京都,,,,,,,,,<1731641431027.2024165117.ltike9.0.1122.00000000@ad123se.mpse.jp>,2024-11-15T12:30:31+09:00
ローチケ,lottery_won,unknown,,Gメッセ群馬/高崎芸術劇場スタジオシアター(群馬県),群馬県,,,,,,,,,<1747393514126.2025131489.ltike9.0.1316.00000000@ad123se.mpse.jp>,2025-05-16T20:05:14+09:00
ローチケ,lottery_won,unknown,,Gメッセ群馬/高崎芸術劇場スタジオシアター(群馬県),群馬県,,,,,,,,,<1747273279158.2025119400.ltike15.0.1882.00000000@ad123se.mpse.jp>,2025-05-15T10:41:19+09:00
ローチケ,lottery_won,unknown,,Gメッセ群馬/高崎芸術劇場スタジオシアター(群馬県),群馬県,,,,,,,,,<1746495503913.2025128960.ltike9.0.1285.00000000@ad123se.mpse.jp>,2025-05-06T10:38:23+09:00
ローチケ,lottery_won,unknown,,渋谷CLUB QUATTRO(東京都)、ell.FITS ALL(愛知県)、他(,東京都,,,,,,,,,<1735272625934.2024173332.ltike9.0.1196.00000000@ad123se.mpse.jp>,2024-12-27T13:10:25+09:00
ローチケ,ticket_secured,digital,NOMELON NOLEMON,EX THEATER ROPPONGI,,2026-02-13,2026/2/13(金),,7040,1,,,,<CAGYTR6L1WQXek=RkmXye2YSPzxFpcU8Mk=G=5J9Xad++zSd5pw@mail.gmail.com>,2026-02-12T01:45:12+09:00
ぴあ,print_pending,digital,,,神奈川県,,,,,,,,,<0100019e86ff905c-29c88a03-2222-47b3-9f7f-a6d161d381ce-000000@email.amazonses.com>,2026-06-02T06:22:36+00:00
ぴあ,print_pending,digital,ずっと真夜中でいいのに。,Kアリーナ横浜 (神奈川県),神奈川県,2026-06-02,2026/6/2(火) 19:00 開演,指定席 11055円(9900円+手数料1155円)×1枚,,1,,,,<1780286499835.2026215957.prepia.0.1694.00000000@ad298pia.www.mp.pia.jp>,2026-06-01T13:01:39+09:00
ぴあ,print_pending,digital,ずっと真夜中でいいのに。,Kアリーナ横浜 (神奈川県),神奈川県,2026-06-02,2026/6/2(火) 19:00 開演,指定席 11055円(9900円+手数料1155円)×1枚,,1,,,,<1779798914743.2026211724.prepia.0.1588.00000000@ad298pia.www.mp.pia.jp>,2026-05-26T21:35:14+09:00
ぴあ,lottery_won,unknown,,Kアリーナ横浜 (神奈川県),神奈川県,2026-06-03,2026年6月3日(水)  19:00 開演,,,,,,,<1775798430129.2026175928.prepia.0.272.00000000@ad298pia.www.mp.pia.jp>,2026-04-10T14:20:30+09:00
ぴあ,lottery_won,unknown,,Kアリーナ横浜 (神奈川県),神奈川県,2026-06-03,2026年6月3日(水)  19:00 開演,,,,,,,<1774848275670.2026167235.prepia.0.569.00000000@ad298pia.www.mp.pia.jp>,2026-03-30T14:24:35+09:00
ぴあ,lottery_won,unknown,,Kアリーナ横浜 (神奈川県),神奈川県,2026-06-03,2026年6月3日(水)  19:00 開演,,,,,,,<1774243542098.2026161765.prepia.0.1853.00000000@ad298pia.www.mp.pia.jp>,2026-03-23T14:25:42+09:00
ぴあ,lottery_won,unknown,,Kアリーナ横浜 (神奈川県),神奈川県,2026-06-03,2026年6月3日(水)  19:00 開演,,,,,,,<1773638550386.2026156133.prepia.0.199.00000000@ad298pia.www.mp.pia.jp>,2026-03-16T14:22:30+09:00
ぴあ,lottery_won,unknown,,Kアリーナ横浜 (神奈川県),神奈川県,2026-06-03,2026年6月3日(水)  19:00 開演,,,,,,,<1772259330949.2026143826.prepia.0.576.00000000@ad298pia.www.mp.pia.jp>,2026-02-28T15:15:30+09:00
ぴあ,lottery_won,unknown,,Kアリーナ横浜 (神奈川県),神奈川県,2026-06-03,2026年6月3日(水)  19:00 開演,,,,,,,<1770787559613.2026129639.prepia.0.527.00000000@ad298pia.www.mp.pia.jp>,2026-02-11T14:25:59+09:00
ぴあ,ticket_secured,digital,,Kアリーナ横浜(神奈川県),神奈川県,2026-06-02,2026年6月2日(火),"指定席 9,900円 × 1枚",,1,1日前になりました。,,,<1770612473909.2026127605.prepia.0.1202.00000000@ad298pia.www.mp.pia.jp>,2026-02-09T13:47:53+09:00
ぴあ,lottery_lost,digital,ずっと真夜中でいいのに。,Kアリーナ横浜(神奈川県),神奈川県,2026-06-02,2026年6月2日(火) 19:00開演,"指定席 9,900円 1枚",11385,1,2026年2月10日(火) 23:59,,,<1770455255658.2026125831.prepia.0.207.00000000@ad298pia.www.mp.pia.jp>,2026-02-07T18:07:35+09:00
ぴあ,payment_pending,paper,ずっと真夜中でいいのに。,日本武道館 (東京都),東京都,2026-02-28,・有効期間:2026年02月28日(土) 19:00,指定席,,1,までに入金してください。,,,<940585186.3291769665238748.JavaMail.tomcat@prd-int2ap23>,2026-01-29T14:40:38+09:00
ぴあ,lottery_won,paper,,日本武道館 (東京都),東京都,2026-02-28,2026年2月28日(土)  19:00 開演,,,,,,,<1769664097464.2026119405.prepia.0.268.00000000@ad298pia.www.mp.pia.jp>,2026-01-29T14:21:37+09:00
ぴあ,print_pending,digital,TOKYO CALLING 2025 −10th Anniversary−,渋谷エリア (東京都),東京都,2025-09-28,2025/9/28(日) 12:30 開演,1日券 ※ドリンク代別途必要 6240円(5800円+手数料440円)×1枚,,1,,,,<1758952060648.2025299763.prepia.0.4995.00000000@ad298pia.www.mp.pia.jp>,2025-09-27T14:47:40+09:00
ぴあ,print_pending,digital,,,東京都,,,,,,,,,<1758424084808.2025294675.prepia.0.211.00000000@ad298pia.www.mp.pia.jp>,2025-09-21T12:08:04+09:00
ぴあ,ticket_secured,digital,TOKYO CALLING 2025 −10th Anniversary−,渋谷エリア (東京都),東京都,2025-09-28,2025/9/28(日),,6240,1,,,,<1534861717.40491751545392580.JavaMail.tomcat@prd-int2kn22>,2025-07-03T21:23:11+09:00
ぴあ,print_pending,digital,紫 今,渋谷CLUB QUATTRO (東京都),東京都,2025-03-30,2025/3/30(日) 18:00 開演,スタンディング ※ドリンク代別途必要 4995円(4500円+手数料495円)×,,1,,,,<1743222448568.2025162842.prepia.0.4032.00000000@ad298pia.www.mp.pia.jp>,2025-03-29T13:27:28+09:00
ぴあ,print_pending,digital,,,東京都,,,,,,,,,<1742701629237.2025158152.prepia.0.180.00000000@ad298pia.www.mp.pia.jp>,2025-03-23T12:47:09+09:00
